card_id|card_title|level|monster_type|description|attack|defence|magic|attributes|skills|image|last_update_datetime
20250914-00001-2322b230|骨刺魔女|1|土|【恶魔族】|10|4|0.5|{}|[{"name":"刺骨穿心","energy_cost":1,"effect":"此卡攻击破坏对方怪兽时，给予对方等同该怪兽防御力的伤害。此伤害视作战斗伤害。此卡防御力+3直到对方回合结束。"}]|pictures/skeleton_girl.png|2025-09-14 15:25:52
20250914-00002-0dfbcedf|鲨之猎人|0|水|【鱼人种】|5|3|0|{"responsive_attribute":"我方受到非战斗伤害时：抽一张牌。"}|[{"name":"破浪攻击","energy_cost":2,"effect":"【攻击技能】对方随机两张手牌丢弃。"}]|pictures/sharkman.png|2025-09-14 15:24:31
20250914-00003-86c0c963|飓风魔鱼|1|风|【鱼种】|5|4|2|{}|[{"name":"风吸","energy_cost":0,"effect":"选择对方场上一只怪物卡，回到对方手牌。并获得该怪物所有灵力。"}]|pictures/cyclone.png|2025-09-14 15:24:23
20250914-00004-0b970164|舞鱼人|0|水|【鱼人种】|0|3|0|{"normal_attribute":"此卡在场上，我方每回合可以额外再使用一次预言卡。"}|[{"name":"防御之舞","energy_cost":0,"effect":"信仰-5，下次对此卡的攻击无效化。"},{"name":"进攻之舞","energy_cost":0,"effect":"每丢弃一张手牌，此卡此回合攻击力+5（最多三张）"}]|pictures/dance_fish.png|2025-09-14 15:24:03
20250914-00005-b64ac1ef|虎金大哥|0||【鱼人种】|4|4|0.5|{"normal_attribute":"此卡造成的战斗伤害翻1.5倍（向上取整）"}|[{"name":"虎鲸拳","energy_cost":1,"effect":"攻击力x2"}]|pictures/hujin.png|2025-09-14 15:23:49
20250914-00006-470840aa|龙虾骑士|1|水|【鱼人种】|6|5|0|{"normal_attribute":"此卡攻击力+最高场上其他卡片攻击力加成。"}|[{"name":"虾线冲击","energy_cost":0,"effect":"信仰-5，破坏对方场上一张覆盖的预言卡。并获得一点灵力，可随意分配至场上卡片。"},{"name":"突刺","energy_cost":1,"effect":"【攻击技能】如果此卡攻击力大与对方两只怪兽防御力的总和，可以一起破坏，并计算战斗伤害。"}]|pictures/lobster.png|2025-09-14 15:23:41
20250914-00007-7feb8c9a|龙王三公主|2|水|【鱼人种】能谋善战，未来的女龙王。|10|8|1|{"normal_attribute":"（一回合一次）可以无效化对此卡的一次攻击，或者一次效果。"}|[]|pictures/dragon_princess.png|2025-09-14 15:23:36
20250914-00008-80c87abd|巨蟹骑士|1|火|【鱼人种】|5|6|0|{"responsive_attribute":"收到灵力时，防御力+3直到对方回合结束。或再丢弃一张手牌，攻击力+3直到回合结束。"}|[{"name":"蟹黄宝","energy_cost":0,"effect":"信仰-5，抽两张牌，丢弃一张手牌。"},{"name":"烈焰蟹击","energy_cost":3,"effect":"攻击力+5直到回合结束，战斗伤害翻倍。"}]|pictures/krebs.png|2025-09-14 15:23:17
20250914-00009-99e71c42|预言夫人|0|水|【鱼人种】趋利避害的高手。|1|8|0|{"responsive_attribute":"有效果被抽牌触发时，可查看对方一张盖牌或手牌。"}|[]|pictures/prophecy.png|2025-09-14 15:23:09
20250914-00010-5ef23c0e|水灵蛇|0|水|【鱼种】|1|0|0|{"normal_attribute":"每回合结束阶段获得一点灵力，可以分配到其他怪物上，信仰+8。","responsive_attribute":"此卡被战斗破坏时，对方复活一只怪物。"}|[]|pictures/godfish.png|2025-09-14 15:23:04
20250914-00011-3ff35124|沙丁鱼群|0||【鱼种】|0|0|0|{}|[{"name":"营养残留","energy_cost":0,"effect":"此技能一回合可以使用三次。抽一张牌，可以立即覆盖在场上。信仰-2。"}]|pictures/sadin_fish.png|2025-09-14 15:22:58
20250914-00012-da1e2bc0|章鱼女王|0|水|【鱼种】|0|3|0|{"responsive_attribute":"当此卡以额外召唤进入场上时（不含普通/直接/翻面），抽2张牌。"}|[{"name":"泡泡孕育","energy_cost":0,"effect":"额外召唤一只怪物"}]|pictures/summoner.png|2025-09-14 15:22:52
20250914-00013-7cd3a5a9|老龟仙人|0|水|【鱼人种】|0|0|0|{"responsive_attribute":"（一回合一次）当我方场上怪物受到攻击力加成时：抽一张牌。如果该卡是3级以下怪物卡，可以直接召唤；如果是预言卡，可以直接使用。"}|[{"name":"龟灵守护","energy_cost":0,"effect":"选择我方场上一张怪物或一张永续预言，破坏之；然后我方一只怪物+1灵力，+8防御直到对方回合结束。"}]|pictures/turtle_wisdom.png|2025-09-14 15:22:46
20250914-00014-e12bbb7c|龟甲斗士|0|水|【鱼人种】|1|6|0|{"normal_attribute":"此卡在场上时，对方必须优先攻击此卡。优先级：1"}|[{"name":"龟甲飞盘","energy_cost":1,"effect":"攻击力+5直到下次攻击结束。"}]|pictures/turtle_fighter.png|2025-09-14 15:22:39
20250914-00015-75357920|珍珠人鱼|0|水|【鱼人种】婴儿般大小的人鱼。|2|3|1|{}|[{"name":"召唤风浪","energy_cost":0,"effect":"选择对方场上一张牌回到对方手牌。我方丢弃一张手牌"},{"name":"珍珠圣光","energy_cost":5,"effect":"给对方造成30点伤害"}]|pictures/pearl_girl.png|2025-09-14 15:22:32
20250914-00016-5b1ebc8b|法盾师|1|虚|【人类种】最大的特点是但小。|0|9|1|{"responsive_attribute":"对方发动怪兽技能或预言卡效果：丢弃一张预言卡，无效化该效果释放。"}|[{"name":"法盾","energy_cost":0,"effect":"我方一只怪物防御+5，直至对方回合结束。"},{"name":"灵力转移","energy_cost":0,"effect":"重新分配此卡身上任意灵力。"},{"name":"加涅尔守护","energy_cost":1,"effect":"无效化下回合对方两次攻击。"}]|pictures/magic_shield.png|2025-09-14 15:14:32
20250914-00017-ff326556|阴阳女童|0||【人类种】腹黑小女孩，据说是能掌握混沌之力的天才。|1|3|1|{"responsive_attribute":"当我方造成非攻击伤害时：追加5点伤害。"}|[{"name":"天地异相","energy_cost":0,"effect":"此回合我方造成的战斗伤害翻倍。"},{"name":"嘲讽吸收","energy_cost":0,"effect":"指定场上一只怪物对自己发出额外攻击，之后吸收其一点灵力。"},{"name":"鼓励","energy_cost":1,"effect":"我方场上一只怪兽可以再使用一次技能。"}]|pictures/yingyang_baby.png|2025-09-14 15:13:58
20250914-00018-b1515804|女武师|1||【人类种】天生怪力的哑巴。|5|4|1|{"normal_attribute":"在对方回合防御力+3"}|[{"name":"高速拳法","energy_cost":0,"effect":"【攻击技能】攻击+3"},{"name":"一蛇绝杀","energy_cost":4,"effect":"【攻击技能】攻击+20"}]|pictures/girl_boxer.png|2025-09-14 15:13:48
20250914-00019-820c6247|谋士集团|0||【人类种】三个人总是吵架，但形影不离。|0|0|2.5|{"responsive_attribute":"（一回合一次）当对方使用发出攻击指令时：我方翻出牌堆第一张牌。如果是0级怪兽可以直接召唤并接受攻击；如果是预言卡，可直接使用。如果无法召唤或使用，则丢弃。"}|[]|pictures/clevers.png|2025-09-14 15:13:24
20250914-00020-dc9ff052|敏捷女猎|1|金|【人类种】学习了变化之术，可以变猫。|4|5|1|{"normal_attribute":"此卡在场上，我方受到的所有伤害-2。"}|[{"name":"隐蔽气息","energy_cost":1,"effect":"防御力+6直到对方回合结束。"},{"name":"偷袭","energy_cost":1,"effect":"【攻击技能】直接攻击对方玩家。并查看对方1张手牌。"}]|pictures/female_killer.png|2025-09-14 15:13:14
20250914-00021-02b1a3a3|圣女|0|光|【人类种】洁癖，拒绝谈恋爱。|0|3|1.5|{"normal_attribute":"我方所有怪物防御力+1。","responsive_attribute":"当我方抽牌阶段开始，如果对方手牌多于我方，额外多抽一张。"}|[{"name":"圣言灭","energy_cost":1,"effect":"丢弃一张手牌，破坏对方场上一张正面表示的预言卡（由对方自己选择）。"},{"name":"神物除","energy_cost":1,"effect":"丢弃一张手牌，破坏对方场上一张怪物卡（由对方自己选择）。"}]|pictures/protector.png|2025-09-14 15:13:06
20250914-00022-8369126a|邪术师|0|暗|【人类种】天生魅体，但是热衷钻研学术。|3|5|1|{"responsive_attribute":"对方结束布置阶段时，给予对方6点伤害。"}|[]|pictures/dark_magician.png|2025-09-14 15:12:49
20250914-00023-166ef75c|江湖侠客|1|金|【人类种】女装大佬，枪法了得。|7|6|1|{"normal_attribute":"（一回合一次）将对方对此卡的攻击无效化。"}|[]|pictures/female_lancher.png|2025-09-14 15:12:32
20250914-00024-bbf8b8a7|月族女战士|2|金|【人类种】非常神秘，偶尔出没在将军城。|8|11|0.2|{"responsive_attribute":"当场上有怪物使用灵力施展技能后，此卡吸收其使用掉的灵力。一回合合计最高2点。"}|[{"name":"月之祝福","energy_cost":6,"effect":"将6点灵力平均分配给我方场上所有怪物。"}]|pictures/moon_fighter.png|2025-09-14 15:12:19
20250914-00025-03ec1b91|大将|2|金|【人类种】正义温和的将军城城主，育有二儿二女。|9|10|0.3|{"normal_attribute":"此卡在场上，对方不能选择其他【人类种】为攻击对象。"}|[{"name":"赏钱","energy_cost":1,"effect":"抽一张牌。"}]|pictures/general.png|2025-09-14 15:11:55
20250914-00026-6108261f|重锤骑士|1|金|【兽人种】温和的兽人，喜欢和人类生活在一起。|7|9|0|{}|[]|pictures/hard_knight.png|2025-09-14 15:11:39
20250914-00027-f1416bc8|阴阳真人|0|虚|【人类种】中二的修行之人。|3|3|0|{"normal_attribute":"操作阶段可额外使用一张预言卡。","responsive_attribute":"当对方在我方回合使用预言卡时，将<天借真力>从牌堆或弃牌堆加入手牌。"}|[{"name":"八门遁甲","energy_cost":1,"effect":"将对方场上一张卡片返回对方手牌。"}]|pictures/yin_yang.png|2025-09-14 15:11:34
20250914-00028-b9ff4830|少年勇士|0|金|【人类种】意气风发的少年勇士。|6|4|0|{}|[]|pictures/young_fighter.png|2025-09-14 15:11:26
20250914-00029-eaea982a|斯巴达武士|0|土|【人类种】在这个充满怪物的基姆世界，人类，也是怪物的一种。|5|5|0|{}|[{"name":"背水一击","energy_cost":1,"effect":"本回合的下次攻击攻击力+1"}]|pictures/spartan_samurai.png|2025-09-14 15:10:58
20250914-00030-57451eff|坐骑狼|1|土|【动物种】由于智商比较低，所以可以乘骑一会儿的狼。|5|8|0.5|{"normal_attribute":"对方场上没有怪物时，攻击力+3","responsive_attribute":"我方怪物发动攻击时：此卡可以协同攻击。该怪物攻击力+此卡攻击力。（协同攻击算攻击次数）"}|[]|pictures/ride_wolf.png|2025-09-14 08:29:24
20250914-00031-20488e53|哥布林|0|土|【兽人种】脆弱的怪物，谁都可以踩两脚。|2|0|0|{"normal_attribute":"此卡被破坏后，直接加入我方手牌，且我方再抽一张牌。"}|[]|pictures/goblin.png|2025-09-14 08:28:49
20250914-00032-312e9228|白化哥布林|0|虚|【兽人种】哥布林内部也有不受待见的，比如它。|3|2|0.5|{"normal_attribute":"布置阶段时可以将此卡放置（或移动）到预言卡区域，并视作怪物卡。当我方场上有其他怪物时，对方不能指定此卡为攻击对象。"}|[{"name":"祝福","energy_cost":1,"effect":"将攻击力加到另一个怪物身上。该怪物此回合可以额外攻击一次。"},{"name":"白盾","energy_cost":2,"effect":"场上一只怪物防御力+10，直到对方回合结束。"}]|pictures/white_goblin.png|2025-09-14 08:27:56
20250914-00033-af24f753|大嘴哥布林|1|土|【兽人种】抢夺了族人的食物而长大的哥布林，寿命很短。|7|3|0|{}|[{"name":"召唤","energy_cost":0,"effect":"直接召唤一只0级【兽人种】怪物到我方场上。"},{"name":"强袭","energy_cost":1,"effect":"【攻击技能】此卡攻击造成的战斗伤害 + （我方场上怪兽数量）"}]|pictures/big_goblin.png|2025-09-14 08:27:25
20250914-00034-c2a1181c|哥布林厨师长|0|土|【兽人种】孩子，该回家吃饭了。|0|3|0|{}|[{"name":"佳肴","energy_cost":1,"effect":"场上所有除自己外【兽人种】怪物，攻击+2。"},{"name":"躲锅里","energy_cost":0,"effect":"此回合不攻击，防御力+4直至对方回合结束。"}]|pictures/goblin_chef.png|2025-09-14 08:27:03
20250914-00035-79709c92|哥布林圣壶|0|土|【器具种】哥布林这个肮脏的种族竟然有如此圣器！|0|5|0|{"normal_attribute":"一回合一次，信仰-20，将两只怪物从弃牌堆加入手牌。"}|[{"name":"圣育","energy_cost":0,"effect":"丢弃一张手牌，额外召唤一只1级以下名字中带有【哥布林】的怪物。该怪物此回合不能攻击。"},{"name":"族诞","energy_cost":1,"effect":"丢弃两张手牌，重新进入布置阶段。且召唤次数不受限制。"},{"name":"种运","energy_cost":2,"effect":"丢弃三张手牌，破坏对方场上一只怪物，一张预言，一张手牌。"}]|pictures/goblin_vase.png|2025-09-14 08:26:52
20250914-00036-88c90d9c|双胞胎哥布林|0|土|【兽人种】从出生就形影不离的两只哥布林。|2|2|0|{"normal_attribute":"在场上视为两只怪物。一回合被攻击破坏两次或被卡片破坏两次才会被破坏。"}|[{"name":"双重攻击","energy_cost":1,"effect":"此回合可以攻击两次。"}]|pictures/double_goblin.png|2025-09-14 08:26:40
20250914-00037-9b716fec|战士哥布林|0|金|【兽人种】有的哥布林似乎身经百战，但实际依然没什么杀伤力。|3|2|0.5|{"normal_attribute":"场上有【兽人种】怪兽时，可以额外召唤此卡。以这样的方式召唤的回合此卡不能攻击。","responsive_attribute":"被防御力高于此卡的怪物攻击时，防御+1"}|[{"name":"到处切磋","energy_cost":0,"effect":"（可以叠加）如果我方场上没有攻击力高于此卡的怪物，此卡攻击+1；如果我方场上有攻击力高于此卡的怪物，此卡防御+1。"}]|pictures/fighter_goblin.png|2025-09-14 08:26:29
20250914-00038-453c4a76|哥布林王|2|木|【兽人种】这大概就是你能遇到的最强哥布林了。|9|6|1|{"normal_attribute":"我方场上其他名字中有<哥布林>的怪物不会被战斗破坏。"}|[{"name":"掠夺","energy_cost":1,"effect":"此卡战斗破坏对方怪物时，我方抽（我方场上怪兽数量-1）张牌。"}]|pictures/goblin_king.png|2025-09-14 08:26:04
20250914-00039-5f820708|哥布林萨满|1|木|【兽人种】没有什么智慧，但是能装。|0|2|0|{}|[{"name":"哥布林幻影","energy_cost":2,"effect":"从手牌直接召唤一只怪物。对方回合结束后从任意处回到我方手牌。"},{"name":"神圣祝福","energy_cost":1,"effect":"（怪物阶段开始时才可使用）破坏一只怪物，回合结束。直到对方回合结束我方怪物都不会被战斗或预言效果破坏。"},{"name":"灵力吸收","energy_cost":0,"effect":"吸收我方场上任意数量的灵力。或者将此卡灵力全部分配给另一只怪兽。"}]|pictures/goblin_sama.png|2025-09-14 08:24:24
20250914-00040-5e9bb6aa|刺客哥布林|0|金|【兽人种】虽然但是，在大白天会不会太显眼了一点。|2|0|0|{"normal_attribute":"当我方场上有其他怪兽时，无法指定为被攻击的对象。攻击力+我方场上的怪兽数量x2。"}|[]|pictures/assassin_goblin.png|2025-09-14 08:15:24
20250914-00041-3b3b8e99|狼巨人|1|木|【兽人种】栖息在巨木林的巨大的狼人，心急时敌我不分。|7|6|0|{"normal_attribute":"此卡被翻面召唤后，可以立即攻击己方场上一只怪兽。此战斗伤害由对方承担。"}|[{"name":"狼嗥","energy_cost":0,"effect":"可以额外召唤一只名字中带有“狼”的怪兽；或额外使用一张名字中带有“狼”的预言卡。"},{"name":"森林重击","energy_cost":2,"effect":"此卡可以依次攻击对方场上所有怪兽一次，直到此卡被破坏。"}]|pictures/wolf_gaint.png|2025-09-14 08:02:36
20250914-00042-1b1c952c|圣藤使|0|木|【植物人种】|0|3|1.2|{"normal_attribute":"（一回合两次）每支付5点信仰，此卡可以免疫一次战斗破坏。","responsive_attribute":"（一回合一次）当我方怪物被对方预言卡指定时：无效其效果。"}|[{"name":"传输","energy_cost":0,"effect":"转移我方场上一点灵力。"},{"name":"藤神祈福","energy_cost":3,"effect":"灵力+4"}]|pictures/pixie.png|2025-09-14 07:59:20
20250914-00043-43f42eb5|灵蕊巨炮|1|木|【植物种】|7|7|0|{"normal_attribute":"我方获得灵力的回合，我方所有怪物防御+1，直到对方回合结束。"}|[{"name":"花蕊炮","energy_cost":5,"effect":"给予对方10点信仰伤害，随后再给予对方 （对方手牌数量*5）的伤害。"}]|pictures/blossom_cannon.png|2025-09-14 07:59:20
20250914-00044-9549c639|青苔巨人|0|岩|【石头人种】|3|5|0.5|{"responsive_attribute":"当对方使用预言卡后：此卡+1灵力"}|[{"name":"硬藤衣","energy_cost":1,"effect":"防御力+5直到对方回合结束"}]|pictures/moss.png|2025-09-14 07:59:20
20250914-00045-b01b4944|青山剑仙|1|金|【灵体种】本体是剑，剑仙是青山神剑的器灵。|9|0|1|{"normal_attribute":"此卡无法被灵力更低的怪物攻击选中。","responsive_attribute":"（一回合一次）当受到攻击力或防御力增益的时：从弃牌堆随机获得一张预言卡。"}|[{"name":"凝气决","energy_cost":0,"effect":"（如果此回合我方给对方造成非战斗伤害）抽两张牌，并放回一张手牌到牌堆上方。"},{"name":"灵升诀","energy_cost":1,"effect":"将我方场上一只怪兽放回手牌。对方暂时不能改变手牌顺序，我方抽取一张加入手牌。"}]|pictures/sword_god.png|2025-09-14 07:59:20
20250914-00046-def8536f|风灵真君|0|风|【天仙种】|6|2|0|{"responsive_attribute":"当场上有卡牌回到手牌时：此卡攻击+15直到该回合结束。"}|[{"name":"风卷残云","energy_cost":1,"effect":"【攻击技能】攻击破坏怪兽后，此卡防御力+（该被破坏怪物的原本防御力）直到对方回合结束。"}]|pictures/wind_xian.png|2025-09-14 07:59:20
20250914-00047-fed51b35|天使卫兵|0|光|【天使种】|2|3|1|{}|[{"name":"圣罚","energy_cost":0,"effect":"【攻击技能】被指定攻击的怪物无法发动技能直到对方回合结束。"},{"name":"天赐","energy_cost":1,"effect":"声明对方一张手牌，如果命中，获得该手牌。"}]|pictures/angle_guard.png|2025-09-14 07:59:20
20250914-00048-fa96ac63|小翼虎魔|0|暗|【魔灵种】喜欢在风中讲鬼故事。|3|3|0|{"responsive_attribute":"当对方给予我方非战斗伤害时：我可查看对方三张手牌。"}|[{"name":"翼盾","energy_cost":0,"effect":"直到对方回合结束，此卡获得一次被卡片效果破坏免疫。"},{"name":"虎哮天冲","energy_cost":1,"effect":"此卡这回合不能攻击，破坏对方场上一张永续预言卡。"}]|pictures/small_fly_tiger.png|2025-09-14 07:59:20
20250914-00049-c052d8e8|水晶球灵|1|雷|【灵体种】可以化成各种猫型态。|4|5|1|{"responsive_attribute":"当有怪物被战斗破坏后：查看我方牌堆最上方的牌。"}|[{"name":"出灵","energy_cost":0,"effect":"从弃牌堆选择，或者从牌堆上方抽取一张牌作为此卡的灵力。"},{"name":"转灵","energy_cost":0,"effect":"从我方场上总计取最多5点灵力，按任意分配到我方场上卡。"}]|pictures/ball_magician.png|2025-09-14 07:59:20
20250914-00050-aa34160b|树枝女|0|木|【植物人种】|2|3|1|{"responsive_attribute":"我方使用预言卡时：此卡灵力+1。"}|[{"name":"传输灵力","energy_cost":0,"effect":"从此卡移出最多2点灵力，可分配给一张或两张怪物。"}]|pictures/woodwoman.png|2025-09-14 07:59:20
20250914-00051-3b72adc7|岩蚁卫|0|岩|【昆虫人种】|3|5|0|{"responsive_attribute":"当我方怪兽被攻击时：此卡可以协同防御。被协同防御的怪物防御力+此卡防御力。协同防御后，此卡该回合基本防御力视为0。"}|[{"name":"亢奋","energy_cost":1,"effect":"此卡进入【亢奋】状态。被战斗破坏时，给予对方10点伤害。"}]|pictures/antguard.png|2025-09-14 07:59:20
20250914-00052-e348d55e|森林仙子|0|木|【植物人种】|2|6|1|{}|[{"name":"充能","energy_cost":0,"effect":"灵力+1"}]|pictures/coreblossom.png|2025-09-14 07:59:20
20250914-00053-908d8b7c|超级彩虹桉|1|木|【植物人种】|8|6|0.5|{"normal_attribute":"每点携带灵力给自身+1攻击力，+1防御力。"}|[]|pictures/rainbow_tree.png|2025-09-14 07:59:20
20250914-00054-44a30c65|财宝仓鼠|0|金|【动物种】|0|4|2|{"responsive_attribute":"（一回合一次）当我方丢弃手牌或额外抽牌时：可以去除此卡两点灵力。随机将对方场上一张正面表示的牌移动到我方场上。"}|[]|pictures/gold_hamster.png|2025-09-14 07:59:20
20250914-00055-a00cc723|爆影精灵|1|暗|【精灵种】|5|4|2|{}|[{"name":"传洞","energy_cost":1,"effect":"丢弃一张手牌，将对方场上一张卡牌放置到对方牌堆上方。"}]|pictures/shadow_burst.png|2025-09-14 07:59:20
20250914-00056-1da63083|霜翼甲虫|1|冰|【昆虫种】|3|10|1|{"responsive_attribute":"对方每召唤一张怪物或使用一张预言卡，受到2点伤害。"}|[]|pictures/frost_beetle.png|2025-09-14 07:59:20
20250914-00057-a0e1d429|雷暴蜂后|1|雷|【昆虫人种】|8|5|1|{}|[{"name":"雷击","energy_cost":0,"effect":"给予对方5点伤害。"}]|pictures/storm_hornet.png|2025-09-14 07:59:20
20250914-00058-f18f7a46|无限怨灵|0|虚|【灵体种】|5|0|1|{"normal_attribute":"此卡进入弃牌堆后，直接加入我方手牌。"}|[{"name":"连续怨刃","energy_cost":1,"effect":"（一回合最多使用三次）【攻击技能】此攻击不计入攻击次数"}]|pictures/wraith.png|2025-09-14 07:59:20
20250914-00059-d2f2028d|精灵短枪兵|1|火|【精灵种】精灵种的武器也迎来了技术的升级。|6|7|1|{"responsive_attribute":"（一回合一次）此卡被攻击时，可以通过移除一个灵力来获得防御力+5，直到回合结束。"}|[{"name":"精准射击","energy_cost":0,"effect":"【攻击技能】此次攻击力+5，但此攻击造成玩家伤害为0。"}]|pictures/elf_shooter.png|2025-09-14 07:59:20
20250914-00060-c656f44a|双首九尾冰狐|0|冰|【魔灵种】|4|0|1.5|{"normal_attribute":"此卡一回合可以额外再攻击一次。","responsive_attribute":"此卡被攻击时，防御力+3"}|[]|pictures/nine_tails.png|2025-09-14 07:59:20
20250914-00061-fc9afdc9|风刃螳魔|0|风|【昆虫人种】|0|4|2|{}|[{"name":"风刃","energy_cost":0,"effect":"【攻击技能】此次攻击攻击力+10"}]|pictures/wind_insect.png|2025-09-14 07:59:20
20250914-00062-63793c4a|玄壳毒母|0|毒|【昆虫种】|4|5|0.5|{"normal_attribute":"攻击力+2"}|[]|pictures/poison.png|2025-09-14 07:59:20
20250914-00063-e59990d1|符石傀儡|0|岩|【石头人种】|3|5|1|{}|[{"name":"符石充能","energy_cost":0,"effect":"此回合攻击力+5"}]|pictures/magic_rock.png|2025-09-14 07:59:20
20250914-00064-ed84ae0a|流沙女仙|0|土|【天仙种】|2|6|0.5|{"normal_attribute":"此卡在场上时，对方必须优先攻击此卡，优先级=此卡攻击力。"}|[{"name":"时光倒转","energy_cost":3,"effect":"（一回合一次）回到我方怪物阶段开始。"}]|pictures/sand_god.png|2025-09-14 07:59:20
20250914-00065-87257e64|护法童子|1|虚|【天仙种】|6|3|1|{"normal_attribute":"在我方回合，此卡防御力会加到攻击力上，并归零。在对方回合恢复。"}|[{"name":"护法阵","energy_cost":0,"effect":"我方全场怪物获得一次不被战斗破坏的保护增益（不可叠加）。"},{"name":"挑衅","energy_cost":0,"effect":"轮流指定对方场上怪物对我方怪物发动攻击，攻击造成的战斗伤害由对方承担。"}]|pictures/childgod.png|2025-09-14 07:59:20
20250914-00066-3f913e47|护法童子|1|虚|【天仙种】|6|3|1|{"normal_attribute":"在我方回合，此卡防御力会加到攻击力上，并归零。在对方回合恢复。"}|[{"name":"护法阵","energy_cost":0,"effect":"我方全场怪物获得一次不被战斗破坏的保护增益（不可叠加）。"},{"name":"挑衅","energy_cost":0,"effect":"轮流指定对方场上怪物对我方怪物发动攻击，攻击造成的战斗伤害由对方承担。"}]|pictures/childgod2.png|2025-09-14 07:59:20
20250914-00067-fdbd1b57|瑶光血仙|1|光|【天仙种】|10|3|1|{"normal_attribute":"此卡造成战斗伤害时，我方恢复同等数值。"}|[]|pictures/blood_god.png|2025-09-14 07:59:20
20250914-00068-3e8f8e7d|蛇仙|0|毒|【天仙种】|5|3|0.5|{"normal_attribute":"此卡造成的战斗伤害翻倍。"}|[{"name":"炼化蛇丹","energy_cost":1,"effect":"战斗破坏对方怪物时，抽一张牌。"}]|pictures/snake_girl.png|2025-09-14 07:59:20
20250914-00069-ba052fef|恶魔花女|0|毒|【恶魔种】|2|3|1|{"normal_attribute":"此卡在场上，对方所有怪物防御力-3，最低到0。"}|[{"name":"毒素喷溅","energy_cost":1,"effect":"破坏对方场上所有防御力为0的怪物。"}]|pictures/devil_flower.png|2025-09-14 07:59:20
20250914-00070-00bbf0e4|巴拉小雷仙|0|雷|【天仙种】|4|4|1|{}|[{"name":"麻痹","energy_cost":0,"effect":"指定对方场上一只怪物，直到下次对方回合结束前该怪物不可发动攻击。"}]|pictures/bala.png|2025-09-14 07:59:20
20250914-00071-7270b669|天使歌姬|0|风|【天使种】|5|2|1.2|{"responsive_attribute":"（一回合一次）对方发动攻击时：该攻击无效化。"}|[]|pictures/bird_singer.png|2025-09-14 07:59:20
20250914-00072-46d6aed4|幽夜猫|2|冰|【恶魔种】恶魔地界的宠物，很难在其他地方看到。|9|5|1|{"normal_attribute":"此卡给对方造成伤害后，我方抽一张牌。"}|[{"name":"寒霜吐息","energy_cost":0,"effect":"使对方一只怪兽本回合防御力-5。"},{"name":"折射冰晶","energy_cost":1,"effect":"(当我方生命值更低才可使用) 此回合使用的某张预言卡的效果可以再发挥一次。"}]|pictures/night_cat.png|2025-09-14 07:59:20
20250914-00073-b38e2367|斗战圣仙|3|火|【天仙种】这泼猴。|9|10|1|{}|[{"name":"炬眼","energy_cost":0,"effect":"查看对方一张盖牌。"},{"name":"变化","energy_cost":1,"effect":"等效使用场上其他一只怪物的技能。"},{"name":"分身","energy_cost":2,"effect":"基于场上剩余怪物格子，创建虚拟分身。分身可以使用技能和攻击。分身技能消耗此卡灵力。"}]|pictures/monkey_king.png|2025-09-14 07:59:20
20250914-00074-4b67db60|双头尸牛|3|水|【不死种】双头牛头人。本是兽人种，却被视为凶相而被族人杀死。在怨恨中成为了不死种。|12|5|1.5|{"normal_attribute":"本回合此卡沉默，我方本回合可以额外再使用一次预言卡。","responsive_attribute":"被攻击破坏时：如果有灵力，可以消耗所有灵力。在被攻击破坏后，立即复活。"}|[{"name":"波浪鼓","energy_cost":1,"effect":"【攻击技能】造成的伤害翻倍。"}]|pictures/doublehead_bull.png|2025-09-14 07:59:20
20250914-00075-04963314|观音上仙|2|光|【天仙种】仙人中的仙人。众仙仰慕的对象。|5|15|0.2|{"normal_attribute":"此卡在场上，召唤高级怪物所需灵力-1。召唤出的高级怪物获得一点灵力。"}|[]|pictures/guanyin.png|2025-09-14 07:59:20
20250914-00076-e35d556d|虔诚信徒|0||【人类种】|0|0|0|{"normal_attribute":"将此卡破坏，可以从手牌额外召唤一张怪物（所需灵力-1）。"}|[]|pictures/faithful.png|2025-09-14 07:59:20
20250914-00077-75e7a6aa|莲花剑仙|1|木|【天仙种】|6|4|0|{"responsive_attribute":"此卡发动攻击时，可以将防御力数值加到攻击上。攻击结束后防御力归零直到对方回合结束。"}|[{"name":"莲花剑法","energy_cost":0,"effect":"弃牌堆顶上为预言卡才可启动，本回合可以额外再攻击一次。"}]|pictures/lotus_sword.png|2025-09-14 07:59:20
20250914-00078-a5a33eba|莲花盾仙|0|木|【天仙种】|1|6|0|{"normal_attribute":"此卡在场上时，对方不能指定攻击此卡右侧怪物。"}|[{"name":"莲花盾","energy_cost":0,"effect":"丢弃一张手牌，防御力+3直到对方回合结束。"}]|pictures/lotus_shield.png|2025-09-14 07:59:20
20250914-00079-4d7d1ddc|罗汉金仙|0|金|【天仙种】|0|8|0|{"responsive_attribute":"当场上有卡牌离开场上时，此卡防御力+5直到该回合结束，并获得一个免于效果破坏的护盾（不可叠加）。"}|[]|pictures/gold_budda.png|2025-09-14 07:59:20
20250914-00082-43cf93f0|贪婪壶灵|0|金|【灵体种】年龄非常大的器灵。|1|1|0|{"normal_attribute":"不会被战斗破坏。","responsive_attribute":"当对方在抽牌阶段外抽牌时，我方同步抽相同张数。"}|[]|pictures/greedy.png|2025-09-14 07:59:20
20250914-00083-a616e3ef|石砖人|2|岩|【石头人种】废弃的城堡变化成的石头人|10|10|0|{}|[]|pictures/castle_man.png|2025-09-14 07:59:20
20250918-00001-83561179|绯盾女将|0|金|【人类种】|1|9|0|{}|[]|pictures/shield_woman.png|2025-09-18 09:10:02
20250920-00171-62208d89|龙骑士|0|木|【兽人种】|0|5|1|{"responsive_attribute":"（一回合两次）当我方受到效果伤害时：抽一张牌。"}|[{"name":"驭龙术","energy_cost":0,"effect":"【攻击技能】选择我方场上一只没有发动攻击的0级怪物，此攻击+其攻击力。攻击后我方信仰+5，该怪物此回合攻击次数-1。"}]|pictures/dragon_rider.png|2025-09-20 14:50:47
20250920-00170-5f5f4caf|猩红飞龙|1|金|【龙种】|11|7|1|{"normal_attribute":"普通召唤此卡后，需要立即破坏我方场上一只怪物，否则此卡破坏。每回合结束阶段，我方丢弃两张手牌。"}|[{"name":"猩红杀戮","energy_cost":1,"effect":"【攻击技能】给予对方被此战斗破坏的怪物攻击力 X2 的伤害。"}]|pictures/red_dragon.png|2025-09-20 14:58:31
20250914-00080-82c3f4a2|霜鳞幼龙|0|冰|【龙种】|7|8|0|{"normal_attribute":"将一张预言卡放回牌堆上方，才可采用普通方式召唤。","responsive_attribute":"当我方回合结束时：我方受到5点伤害。"}|[]|pictures/dragon2.png|2025-09-26 21:05:37
20250914-00081-17a4e98b|刚铎幼龙|0|火|【龙种】|10|5|0|{"normal_attribute":"破坏我方场上1张怪物（或丢弃2张手牌），才可采用普通方式召唤此卡。","responsive_attribute":"当我方回合结束时：我方受到5点伤害。"}|[]|pictures/little_dragon.png|2025-09-26 21:06:08
20250926-00173-796b27ae|迅雷快龙|0|雷|【龙种】|3|5|0.5|{"normal_attribute":"如果此卡有灵力，对方的所有卡片效果破坏效果失效。","responsive_attribute":"对方每使用一次带有破卡效果的卡牌：此卡灵力-1。"}|[]|pictures/lighting_dragon.png|2025-09-26 21:06:15
20250926-00172-93a49c3e|赤岩幼龙|0|岩|【龙种】|2|13|0|{"normal_attribute":"将我方场上一张覆盖怪物卡破坏，并丢弃一张手牌，才可以以普通方式召唤。","responsive_attribute":"当我方回合结束时：我方受到5点伤害。"}|[]|pictures/redrock_dragon.png|2025-09-26 21:06:19
20250926-00174-6122f717|毒绽.韦恩布隆|1|毒|【龙种】|7|11|1|{"normal_attribute":"通常召唤此卡后，我方受到10点伤害。","responsive_attribute":"当我方回合结束时：我方随机失去一张手牌。"}|[{"name":"毒素标记","energy_cost":0,"effect":"标记对方一张怪物卡，对方回合结束后，该怪物被破坏。"}]|pictures/poison_dragon.png|2025-09-26 21:06:25
20250926-00178-c42084cd|三星堆剑术士|0|金|【人类种】|2|5|0.5|{}|[{"name":"绿光斩","energy_cost":1,"effect":"【攻击技能】攻击力+7"}]|pictures/san_soldier.png|2025-09-26 21:30:39
20250926-00179-1d4ea4d7|盾灵|0|金|【灵体种】|0|8|0.5|{"responsive_attribute":"（一回合一次）当此卡被战斗破坏时：免疫该次战斗破坏。"}|[]|pictures/shield_gost.png|2025-09-26 21:33:54
20250926-00180-b603a6de|也莎|1|暗|【人类种】|15|0|0|{}|[]|pictures/yesha.png|2025-09-26 21:48:50
20250927-00186-99624322|雷域魅魔|0|雷|【恶魔种】|6|3|0.5|{"responsive_attribute":"当我方怪物（包括此卡）被破坏时：给予对方7点伤害。"}|[]|pictures/lightning_demon.png|2025-09-27 09:28:26
20250927-00184-712c3331|墓灵女魔|0|毒|【恶魔种】|0|5|1.5|{"normal_attribute":"召唤阶段的普通召唤可以从弃牌堆召唤。"}|[]|pictures/reborn_demon.png|2025-09-27 09:32:15
20250927-00189-01a21d8b|审判天使|0|光|【天使种】|3|6|0|{}|[{"name":"预示","energy_cost":1,"effect":"查看对方牌堆最上方四张牌。"}]|pictures/judge.png|2025-09-27 09:44:00
20251003-00190-a789793b|血角女狩|1|暗|【鬼人种】|10|4|0|{}|[{"name":"死神肃杀","energy_cost":2,"effect":"破坏对方场上一张覆盖怪物卡或零级怪物卡。"}]|pictures/bloodhorn.png|2025-10-03 20:02:40
20251003-00192-b7c9f1fd|控制机械|0|雷|【机器种】|4|0|2|{}|[{"name":"控制","energy_cost":1,"effect":"破坏此卡，获得对方场上一只怪物控制权（移动到我方场上）。"}]|pictures/control.png|2025-10-03 20:53:14
20251003-00193-6db55e69|灵藤|0|木|【植物人种】|2|2|1.5|{"responsive_attribute":"（一回合一次）对方怪物发动效果或技能时，使其无效化。"}|[{"name":"幻手","energy_cost":2,"effect":"此卡进入【灵觉】状态：当对方使用指向我方怪物的预言卡时：使其无效，并我方获得该卡，加入手牌。"}]|pictures/verdant.png|2025-10-03 21:28:18
20251003-00194-f8ad6a45|护花使者|0|木|【植物人种】|0|4|1|{"normal_attribute":"此卡左右两侧怪物 DEF+3","responsive_attribute":"当我方场上有灵力增减时：我方所有怪物DEF+2直到对方回合结束（不可叠加）"}|[{"name":"花爆","energy_cost":1,"effect":"选择场上一只怪物DEF+3，并破坏对方场上一张覆盖怪物卡"}]|pictures/blossom_protector.png|2025-10-03 22:39:07
20251003-00191-eed3aefa|紫罗公主|2|毒|【植物人种】|8|7|1|{}|[{"name":"退化粉雾","energy_cost":0,"effect":"将对方场上一张正面怪物卡翻面"},{"name":"紫金爆","energy_cost":3,"effect":"对方信仰 -（对方场上卡牌数量+1）x 5 "}]|pictures/paralysia.png|2025-10-04 09:12:38
20251026-00196-ecfc9fc2|暴风飞龙|0|风|【龙种】|2|4|0|{"normal_attribute":"无法被成为对位怪物的攻击目标；不受对位预言卡效果影响","responsive_attribute":"当场上有卡片回到手牌时：灵力+1"}|[{"name":"风移","energy_cost":0,"effect":"移动我方场上一张正面卡片的位置。"},{"name":"风洞","energy_cost":1,"effect":"如果此卡没有对位怪物卡和预言卡，给予对方10伤害。"}]|pictures/wind_dragon2.png|2025-10-26 17:02:42
20251026-00197-bb7b9032|东风神.自由龙|1|风|【龙种】|5|11|0|{"normal_attribute":"将我场上所有卡返回我牌堆上方才可通常召唤","responsive_attribute":"当我回合此卡没有移动过位置时：此卡移动位置。如果没有怪兽位可移动，破坏此卡。"}|[{"name":"风起","energy_cost":0,"effect":"移动对方场上一张卡牌。"},{"name":"风袭","energy_cost":1,"effect":"【攻击技能】与对位怪物战斗攻击力+10"},{"name":"逆风","energy_cost":2,"effect":"【直接召唤】或使用本回合被放回手牌或牌堆的一张牌。"}]|pictures/windgod_dragon.png|2025-10-26 22:31:30
20251026-00195-4ea62c2f|飓风幼龙|0|风|【龙种】|4|10|0|{"normal_attribute":"将我方场上一只怪物返回手牌，可以立即从手牌【直接召唤】此卡（此卡不能普通召唤）。对方非对位怪兽与此卡战斗时，攻击-5。","responsive_attribute":"当我方回合结束时：将我方场上两张牌返回手牌，否则此卡被破坏。"}|[]|pictures/wind_dragon.png|2025-10-26 23:38:31
20251026-00205-a17dadde|风翼蝶姬|0|风|【昆虫人种】|1|3|1|{"responsive_attribute":"当场上有卡片返回手牌时：如果是怪物卡，指定对方一只怪物防御-10；如果是预言卡，对方信仰-10"}|[{"name":"幻蝶舞","energy_cost":0,"effect":"与场上一只怪物交换位置。（可以是敌方怪物，但不交换控制权）"},{"name":"蝶粉","energy_cost":0,"effect":"给予对方场上所有怪物【蝶粉】标记。带有【蝶粉】标记的怪物被战斗破坏时，对方信仰-5。"}]|pictures/windwing.png|2025-10-26 23:59:57
20251026-00203-6160312a|羽翅蚁人|0|风|【昆虫人种】|5|0|0.5|{"normal_attribute":"在怪物行动阶段，将此卡返回手牌，丢弃一张手牌，可以立即【额外召唤】另一只怪物。","responsive_attribute":"（一回合一次）当此卡攻击对位怪物后：可以再攻击一次"}|[{"name":"蚁冲","energy_cost":0,"effect":"【攻击技能】该次攻击攻击力+8，我方承担战斗伤害。"}]|pictures/flyant.png|2025-10-28 17:06:05
20251028-00210-291875fa|美人鸟|0|风|【鸟人种】|4|1|0.5|{"normal_attribute":"每回合可以移动到相邻怪物位置一次。此卡与对位怪物战斗防御+3"}|[{"name":"X风刃","energy_cost":0,"effect":"【攻击技能】丢弃一张手牌，攻击力+3, 可同时对斜方两只怪物发起攻击。"},{"name":"战歌","energy_cost":2,"effect":"我方全场怪物攻击+3，每造成战斗伤害后追加5效果伤害。"}]|pictures/beauty_bird.png|2025-10-28 17:58:10
20251028-00212-775afa25|大鹏人|0|风|【鸟人种】|2|3|1|{"normal_attribute":"此卡相邻的怪物卡（包括对方）防御+2；每有一张相邻怪物卡（包括对方），此卡防御+5","responsive_attribute":"当有怪物回到手牌或牌堆时：此卡获得其灵力。"}|[]|pictures/big_birdman.png|2025-10-28 20:18:24
20251026-00204-2f78d8f3|西风神.风圣灵虫|1|风|【昆虫种】|0|5|2|{"normal_attribute":"防御力 + (手牌数量 x 3)"}|[{"name":"风之传送","energy_cost":0,"effect":"将我方场上一只怪物加入手牌，下回合如果此卡还在场上，可以将其重新【直接召唤】。"},{"name":"风之祝福","energy_cost":1,"effect":"此卡进入【轮回】状态，在对方回合如果被破坏，则会加入手牌。"}]|pictures/windgod_insect.png|2025-10-28 20:42:40
20251028-00209-b85cd384|南风神.人凰|2|风|【鸟人种】|6|8|1|{"responsive_attribute":"当此卡被效果破坏时：信仰-10，抵消此次破坏效果。"}|[{"name":"凤凰冲击","energy_cost":0,"effect":"将一竖线的卡牌（包括我方与对方）全部返回对应玩家手里"},{"name":"烈风螺旋","energy_cost":1,"effect":"将对方场上一张卡返回对方手牌。对方可以选择信仰-5以抵消此效果"}]|pictures/avian.png|2025-10-28 21:59:38